"baseMean","log2FoldChange","lfcSE","stat","pvalue","padj","genSYMBOL","ENTREZID","GENENAME"
502.322238034883,0.963715395548693,0.266439019714623,3.61702049715131,0.000298013712740662,0.057718181012168,"AK4",205,"AK4"
899.044150322298,3.56316736364676,0.880979319238278,4.04455279010134,5.24230955135923e-05,0.0204650109597714,"FCRL3",115352,"FCRL3"
726.714500543193,4.62004016253617,1.06065041946934,4.35585568791613,1.32548086476721e-05,0.00914955650266619,"FCRL2",79368,"FCRL2"
971.658177885823,4.29478189701522,1.0198780123033,4.21107411396766,2.54159339080457e-05,0.0124404064861545,"FCRL1",115350,"FCRL1"
281.007818880693,3.35663174680662,0.826795847469006,4.05980721490313,4.91132495377004e-05,0.0197339968776781,"AIM2",9447,"AIM2"
134.973795352845,3.47096633003384,0.957649796561774,3.62446307877428,0.000289562380344954,0.056900064534792,"RGS13",6003,"RGS13"
1038.43574725233,4.68113437118492,1.01856828547162,4.59579827681112,4.31095613335136e-06,0.00491631359509149,"CR2",1380,"CR2"
767.62698837073,2.67527557101868,0.658844728845831,4.06055547519557,4.89561029715488e-05,0.0197339968776781,"ANKRD36BP2",645784,"ANKRD36BP2"
17.4215705266081,4.11353042613489,1.08968386418514,3.77497599196898,0.000160023074557748,0.0379120933475512,"AC096579.15",NA,"AC096579.15"
146.628199813964,1.93701031002347,0.579185800998382,3.34436774293242,0.000824703407956049,0.0973764931823895,"BUB1",699,"BUB1"
33.1164926392388,4.41514313607869,1.24624862860275,3.54274663558007,0.000395982947896885,0.0666266058770753,"AC079767.4",NA,"AC079767.4"
84.5063880688846,2.1499090511502,0.618322694558827,3.47700168547777,0.000507054630130799,0.0750022950425893,"WNT10A",80326,"WNT10A"
74.0963311230147,2.64105638024014,0.785403719764218,3.36267363367339,0.000771915645808087,0.0944910851671227,"PTPRN",5798,"PTPRN"
243.121843539986,2.72977171098907,0.645773125601243,4.2271373687896,2.36683184345694e-05,0.0124085560318602,"SCG2",7857,"SCG2"
635.857850209424,2.13756464409601,0.61708722819185,3.46395865355918,0.000532288318580687,0.0774580206730307,"SP140",11262,"SP140"
194.193733964414,3.48181269122516,0.993815890734015,3.50347858560961,0.000459223577550417,0.0706142872629175,"LINC01215",101929623,"LINC01215"
577.884389981884,2.7043416191425,0.66921808726999,4.04104681356506,5.3213133508562e-05,0.0204650109597714,"TIGIT",201633,"TIGIT"
17.0826216533831,4.24904400859279,0.95157389632884,4.4652801269408,7.99640565122277e-06,0.00708449834628872,"CASR",846,"CASR"
1427.40776846296,2.20194853841086,0.592242215304564,3.71798646146576,0.000200817029548638,0.043467177571388,"KLHL6",89857,"KLHL6"
118.002861456773,2.70064536098939,0.629820307809569,4.28796170511216,1.80320170667723e-05,0.0109186980413467,"CLNK",116449,"CLNK"
190.211461658154,2.12740747505219,0.604408122859705,3.51981946401803,0.00043184063165006,0.070033624365369,"DTHD1",401124,"DTHD1"
475.523996739171,3.70786860965163,0.870273631121025,4.26057791142703,2.0389898678156e-05,0.0116790736662689,"TLR10",81793,"TLR10"
211.830769814121,2.40222472903209,0.714162184272324,3.3636963450813,0.00076906109332377,0.0944910851671227,"TMEM156",80008,"TMEM156"
186.307184806227,3.55526375838877,0.845756632747502,4.20364868654856,2.6264648404074e-05,0.0126262607086799,"STAP1",26228,"STAP1"
368.529204858929,2.26914367044233,0.644105600734042,3.52293733800225,0.000426792253786236,0.0697862128163375,"DAPP1",27071,"DAPP1"
23.045096565479,2.97806054509689,0.887066515354818,3.35720094665696,0.000787358666918327,0.094919966199322,NA,NA,NA
815.29086053641,2.53690456305087,0.719464193255828,3.52610260084033,0.000421723554242167,0.0697862128163375,"LTB",4050,"LTB"
58.2596928910571,2.59325373450486,0.7583683821173,3.4195172104416,0.000627323640712072,0.0849508654782501,"COL19A1",1310,"COL19A1"
1218.90890205781,3.82796465236393,0.906466412171268,4.22295255617334,2.41122591198123e-05,0.0124085560318602,"BLK",640,"BLK"
53.5184963191603,1.95196432024148,0.569104655373065,3.42988640456984,0.000603833986874979,0.0829378304115372,"SLCO5A1",81796,"SLCO5A1"
540.815512324429,4.72491906665408,1.13363536626241,4.16793548196374,3.0737090069976e-05,0.0145170737153302,"PAX5",5079,"PAX5"
5.95234782503766,2.81809452233461,0.774820994222513,3.63709107438731,0.000275734456651733,0.0549855356112688,"FIBCD1",84929,"FIBCD1"
62.123944199081,-1.16152605329678,0.285299221295186,-4.07125560323561,4.67604053928126e-05,0.019565165628321,"NUTM2A",728118,"NUTM2A"
36.2488548898864,3.61856624772095,0.828073813147403,4.36985953458332,1.24326483805644e-05,0.0088078770277151,"CALCB",797,"CALCB"
5588.65001971394,4.15650785942958,0.914667168970711,4.5442845227592,5.51221613712704e-06,0.00549608780102211,"MS4A1",931,"MS4A1"
42.0305936127032,3.29369533891883,0.878471550996171,3.7493477565481,0.000177295089784532,0.0407945394195674,"ACY3",91703,"ACY3"
607.57825101657,1.02560796383075,0.305572715909956,3.35634665803397,0.000789795045824752,0.094919966199322,"RBP5",83758,"RBP5"
36.4857776411842,1.61908430661293,0.480672658898982,3.36837196091321,0.000756135087217707,0.0942403364953144,"RP11-599J14.2",NA,"RP11-599J14.2"
333.493492001123,4.28988365390001,0.93587456517049,4.58382331730376,4.56550053405473e-06,0.00491631359509149,"RP11-693J15.5",100507616,"RP11-693J15.5"
1777.09791964318,6.21166110991056,1.20195829088776,5.16795063273172,2.36674801101311e-07,0.000923008153533636,"CHGA",1113,"CHGA"
411.773745845798,4.48943088726781,1.2462619807731,3.60231713438201,0.000315393259348696,0.0593755380064772,"TCL1A",8115,"TCL1A"
423.142061589133,4.46040707333933,0.927708629146187,4.80798273639477,1.52460927973844e-06,0.00256525040123991,"FAM30A",9834,"FAM30A"
381.08971319614,1.87263626983387,0.490694484970868,3.81629777221778,0.000135469006297637,0.0352321449267287,"SCG5",6447,"SCG5"
1254.40396367592,4.32847778921741,0.943364215450444,4.5883421464642,4.46779953719575e-06,0.00491631359509149,"CD19",930,"CD19"
70.8449775155433,2.70006933298579,0.754368014656298,3.57924684043767,0.000344585876507265,0.0614344131221993,"AC009133.17",NA,"AC009133.17"
293.269374587637,1.98177595592094,0.53520997916887,3.70280083155109,0.000213232280939795,0.0448470799623455,"ADGRG5",221188,"ADGRG5"
1165.59099602704,3.35462268472886,0.809287307653545,4.14515667427837,3.39581444741211e-05,0.0152364534564636,"P2RX5",5026,"P2RX5"
444.150913813655,4.89815471956007,0.993135633698253,4.93200984171744,8.13878150298203e-07,0.00219104136841779,"TBC1D27",NA,"TBC1D27"
49.7027304902574,-5.78584024705562,1.46756666196535,-3.94247184608793,8.06461195338951e-05,0.0277114906700149,"SNORD3C",780853,"SNORD3C"
48.0367051881982,2.25434534426461,0.54353931649237,4.147529490254,3.3608219087327e-05,0.0152364534564636,"LINC00511",400619,"LINC00511"
360.611878870698,3.22646292582012,0.879931987680877,3.6667185316489,0.000245682966209427,0.0501062964645756,"FCER2",2208,"FCER2"
106.979632868844,3.96606180768605,1.17666758861679,3.37058813045772,0.000750079093788361,0.0939203687622161,"CLEC17A",388512,"CLEC17A"
887.709114020272,3.20854511162159,0.81777738553703,3.92349454554134,8.72737422085459e-05,0.0277114906700149,"FAM129C",199786,"FAM129C"
419.213669102643,3.45107772912237,0.863212598065528,3.99794643504542,6.38944051118207e-05,0.0238902955557684,"SPIB",6689,"SPIB"
395.321823718853,3.54173872561936,0.792993520538444,4.46628961509611,7.95878526169681e-06,0.00708449834628872,"CHGB",1114,"CHGB"
466.442257961953,1.84295494762418,0.54097839493729,3.40670711597978,0.000657516423323511,0.0871438075828339,"MEI1",150365,"MEI1"
15.551286611087,2.31455425967026,0.54847111199516,4.22001124407567,2.44290133980383e-05,0.0124085560318602,"PNPLA3",80339,"PNPLA3"
15.75621327399,2.30452749671508,0.669031353997515,3.44457323703194,0.000571961663051862,0.0801967704740582,"CTA-384D8.35",105373098,"CTA-384D8.35"
153.036182389674,2.52643577328596,0.642907674272971,3.92970231090019,8.50510915932656e-05,0.0277114906700149,"KLHDC7B",113730,"KLHDC7B"
39.5798027553858,4.75742877775386,1.3988818741315,3.40087956369261,0.00067169413908768,0.0877799898950458,"LINC01281",286442,"LINC01281"
210.35385409355,2.37591869309556,0.67709295481772,3.50899928317107,0.000449796117071738,0.0706142872629175,"P2RY10",27334,"P2RY10"
